id,prac_2016,vik_2016,prac_2018,vik_2018,prac_2020,vik_2020,prac_2022,vik_2022,datum_exportu,ObjectId,Shape__Length
343,20,60,30,70,30,60,40,40,2024/08/05 00:00:00+00,1,9977.86694467932
340,30,60,45,80,40,70,40,50,2024/08/05 00:00:00+00,2,1519.1472142321
331,15,20,15,20,10,15,20,15,2024/08/05 00:00:00+00,3,1378.85688444
330,0,0,0,0,15,0,15,0,2024/08/05 00:00:00+00,4,181.803627077447
342,15,30,25,35,20,30,30,25,2024/08/05 00:00:00+00,5,821.659849735589
327,20,30,20,30,20,20,20,20,2024/08/05 00:00:00+00,6,461.973310851248
325,30,40,20,30,20,20,20,20,2024/08/05 00:00:00+00,7,427.167570153125
338,115,220,80,150,80,120,75,120,2024/08/05 00:00:00+00,8,691.694142109629
308,10,25,12,35,10,30,10,30,2024/08/05 00:00:00+00,9,1133.90820711469
339,70,150,50,140,40,110,50,120,2024/08/05 00:00:00+00,10,1219.74392563519
341,70,150,50,150,40,110,40,120,2024/08/05 00:00:00+00,11,1766.46832915872
307,28,0,25,0,25,0,25,0,2024/08/05 00:00:00+00,12,830.094637946998
306,30,35,25,30,20,25,20,25,2024/08/05 00:00:00+00,13,533.996632132568
304,35,40,30,30,20,20,20,20,2024/08/05 00:00:00+00,14,2230.96784132096
301,14,0,14,0,14,0,14,0,2024/08/05 00:00:00+00,15,81.4337011475069
302,25,25,25,25,20,20,20,20,2024/08/05 00:00:00+00,16,874.649105345885
310,25,25,25,25,20,20,20,20,2024/08/05 00:00:00+00,17,103.056575823029
127,80,80,60,50,85,60,85,60,2024/08/05 00:00:00+00,18,97.6207717072207
311,15,15,10,10,10,10,10,10,2024/08/05 00:00:00+00,19,542.194356588463
324,8,15,10,10,10,10,10,10,2024/08/05 00:00:00+00,20,453.461650306612
337,15,15,10,10,10,10,10,10,2024/08/05 00:00:00+00,21,822.401110182606
44,20,0,20,0,15,0,15,0,2024/08/05 00:00:00+00,22,496.350676719116
323,100,200,80,180,90,150,100,140,2024/08/05 00:00:00+00,23,1179.00317936917
296,70,200,90,200,120,170,110,150,2024/08/05 00:00:00+00,24,1159.68575684176
333,0,0,0,0,0,0,0,0,2024/08/05 00:00:00+00,25,1183.80117155539
332,0,0,0,0,10,0,10,0,2024/08/05 00:00:00+00,26,1027.07754630778
328,25,0,20,0,15,0,15,0,2024/08/05 00:00:00+00,27,955.374590444855
329,0,0,0,0,10,0,10,0,2024/08/05 00:00:00+00,28,633.182796358614
336,0,0,0,0,0,0,0,0,2024/08/05 00:00:00+00,29,237.738099401434
322,10,10,15,10,22,10,30,20,2024/08/05 00:00:00+00,30,1836.78279488055
312,25,0,20,0,15,0,15,0,2024/08/05 00:00:00+00,31,2626.03886304169
313,20,0,15,0,10,0,10,0,2024/08/05 00:00:00+00,32,3362.36547563757
317,0,0,0,0,0,0,0,0,2024/08/05 00:00:00+00,33,337.76717203226
320,0,0,0,0,0,0,0,0,2024/08/05 00:00:00+00,34,365.710581395963
318,0,0,0,0,0,0,0,0,2024/08/05 00:00:00+00,35,768.128996509445
316,0,0,0,0,0,0,0,0,2024/08/05 00:00:00+00,36,1016.6171504273
315,0,0,0,0,0,0,0,0,2024/08/05 00:00:00+00,37,626.23681482085
24,25,15,25,15,30,15,30,15,2024/08/05 00:00:00+00,38,132.640975497333
321,0,0,0,0,0,0,0,0,2024/08/05 00:00:00+00,39,778.099044354158
319,0,0,0,0,0,0,0,0,2024/08/05 00:00:00+00,40,3102.66429940316
314,0,0,15,0,15,0,15,0,2024/08/05 00:00:00+00,41,1849.12156519719
334,20,0,20,0,22,0,22,0,2024/08/05 00:00:00+00,42,788.226637689705
206,26,25,26,25,26,25,34,25,2024/08/05 00:00:00+00,43,1256.68634536075
335,0,0,15,0,20,0,20,0,2024/08/05 00:00:00+00,44,3107.34459332839
245,15,0,15,0,10,0,10,0,2024/08/05 00:00:00+00,45,2710.51399375699
244,15,0,15,0,10,0,10,0,2024/08/05 00:00:00+00,46,236.51708594363
246,15,0,15,0,15,0,15,0,2024/08/05 00:00:00+00,47,1397.62828828279
243,0,0,0,0,0,0,0,0,2024/08/05 00:00:00+00,48,1405.56171450739
242,0,0,0,0,0,0,0,0,2024/08/05 00:00:00+00,49,657.776678117892
247,0,0,0,0,0,0,0,0,2024/08/05 00:00:00+00,50,1044.41388904633
248,0,0,0,0,0,0,0,0,2024/08/05 00:00:00+00,51,1353.83704937383
215,10,0,10,0,10,0,10,0,2024/08/05 00:00:00+00,52,1476.54380935104
249,0,0,0,0,0,0,0,0,2024/08/05 00:00:00+00,53,4569.30931448467
230,15,0,15,0,15,0,15,0,2024/08/05 00:00:00+00,54,616.07207577656
250,10,0,10,0,10,0,10,0,2024/08/05 00:00:00+00,55,2824.8804328922
251,10,0,10,0,10,0,10,0,2024/08/05 00:00:00+00,56,1571.58082748771
253,10,0,10,0,10,0,10,0,2024/08/05 00:00:00+00,57,2666.05822683699
252,15,0,15,0,15,0,15,0,2024/08/05 00:00:00+00,58,294.547507462961
254,20,0,20,0,20,0,20,0,2024/08/05 00:00:00+00,59,331.277539828068
240,0,0,0,0,0,0,0,0,2024/08/05 00:00:00+00,60,8071.35088069967
233,20,0,20,0,20,0,20,0,2024/08/05 00:00:00+00,61,2190.05491430781
213,15,15,6,0,10,0,10,0,2024/08/05 00:00:00+00,62,1138.44193876969
47,62,40,50,30,70,35,100,50,2024/08/05 00:00:00+00,63,44.371751136889
231,0,0,0,0,0,0,0,0,2024/08/05 00:00:00+00,64,2639.39183585035
223,15,0,15,0,20,0,20,0,2024/08/05 00:00:00+00,65,2147.89688663524
224,0,0,0,0,0,0,0,0,2024/08/05 00:00:00+00,66,1656.60566529169
202,25,0,20,0,20,0,20,0,2024/08/05 00:00:00+00,67,1038.15069784584
199,30,25,40,35,30,20,40,25,2024/08/05 00:00:00+00,68,333.730483965457
218,20,0,10,0,15,0,15,0,2024/08/05 00:00:00+00,69,590.58771578347
201,20,0,20,0,18,0,20,0,2024/08/05 00:00:00+00,70,2692.42286304951
227,15,0,15,0,15,0,25,0,2024/08/05 00:00:00+00,71,470.755772744271
225,15,0,20,0,25,0,30,0,2024/08/05 00:00:00+00,72,253.001855737298
228,15,0,15,0,15,0,15,0,2024/08/05 00:00:00+00,73,984.848077527807
216,15,0,15,0,15,0,15,0,2024/08/05 00:00:00+00,74,526.393424295124
212,22,0,15,0,20,0,20,0,2024/08/05 00:00:00+00,75,891.196890471112
208,22,15,15,10,20,15,26,20,2024/08/05 00:00:00+00,76,475.708988694772
207,31,34,22,18,27,23,30,30,2024/08/05 00:00:00+00,77,422.664478639354
226,0,0,0,0,0,0,0,0,2024/08/05 00:00:00+00,78,286.283411120821
241,0,0,0,0,0,0,0,0,2024/08/05 00:00:00+00,79,365.063841816818
204,0,0,0,0,0,0,0,0,2024/08/05 00:00:00+00,80,2282.00543721464
203,18,0,10,0,10,0,10,0,2024/08/05 00:00:00+00,81,2022.70617820503
211,15,15,15,15,24,20,24,20,2024/08/05 00:00:00+00,82,270.219775410233
210,10,10,10,0,10,0,10,0,2024/08/05 00:00:00+00,83,672.164319813123
209,20,15,24,20,26,20,30,20,2024/08/05 00:00:00+00,84,946.841437947247
214,20,0,15,0,15,0,15,0,2024/08/05 00:00:00+00,85,1028.63388498433
222,20,25,15,0,15,0,15,0,2024/08/05 00:00:00+00,86,1042.67734067036
221,20,30,20,0,20,0,20,0,2024/08/05 00:00:00+00,87,806.361440601113
219,20,0,10,0,10,0,10,0,2024/08/05 00:00:00+00,88,746.796577920954
217,10,0,10,0,10,0,10,0,2024/08/05 00:00:00+00,89,229.750327105924
236,20,0,10,0,15,0,15,0,2024/08/05 00:00:00+00,90,683.795245025235
238,20,0,15,0,15,0,15,0,2024/08/05 00:00:00+00,91,844.194396437044
232,15,0,15,0,15,0,15,0,2024/08/05 00:00:00+00,92,763.875585917053
235,0,0,0,0,0,0,0,0,2024/08/05 00:00:00+00,93,945.222536129395
234,0,0,0,0,0,0,0,0,2024/08/05 00:00:00+00,94,1787.34172586838
197,65,60,80,65,70,50,100,50,2024/08/05 00:00:00+00,95,266.332290551435
194,60,50,60,50,65,50,75,50,2024/08/05 00:00:00+00,96,220.321281297372
193,60,50,70,55,60,50,70,50,2024/08/05 00:00:00+00,97,561.88111509845
192,5,0,6,0,6,0,6,0,2024/08/05 00:00:00+00,98,1356.51712235948
256,0,0,0,0,0,0,0,0,2024/08/05 00:00:00+00,99,1993.47738242686
257,0,0,0,0,0,0,0,0,2024/08/05 00:00:00+00,100,1821.6188042336
258,0,0,0,0,0,0,0,0,2024/08/05 00:00:00+00,101,1493.59270894415
82,0,0,0,0,0,0,0,0,2024/08/05 00:00:00+00,102,462.046608017803
81,5,0,5,0,10,0,10,0,2024/08/05 00:00:00+00,103,580.815286138209
80,45,0,45,0,40,0,40,0,2024/08/05 00:00:00+00,104,968.884076831654
66,40,0,40,0,50,0,50,0,2024/08/05 00:00:00+00,105,213.244788593455
65,35,0,30,0,40,0,40,0,2024/08/05 00:00:00+00,106,134.484434336361
68,35,0,30,0,40,0,40,0,2024/08/05 00:00:00+00,107,208.370515981027
45,50,35,50,30,70,35,80,40,2024/08/05 00:00:00+00,108,333.122588813499
60,40,20,40,20,40,20,40,20,2024/08/05 00:00:00+00,109,885.835741262067
28,0,0,0,0,0,0,0,0,2024/08/05 00:00:00+00,110,881.126322011047
26,25,15,25,15,30,15,30,15,2024/08/05 00:00:00+00,111,111.249732069591
25,0,0,0,0,0,0,0,0,2024/08/05 00:00:00+00,112,743.783693582536
27,30,15,25,5,30,5,30,20,2024/08/05 00:00:00+00,113,439.326791431357
61,10,5,10,5,10,5,6,5,2024/08/05 00:00:00+00,114,432.685424807952
76,30,15,40,15,40,15,40,15,2024/08/05 00:00:00+00,115,172.736951896557
64,30,15,30,15,30,15,30,15,2024/08/05 00:00:00+00,116,274.592148366659
62,20,10,20,10,20,10,20,10,2024/08/05 00:00:00+00,117,360.755583751958
63,20,10,20,10,20,10,20,10,2024/08/05 00:00:00+00,118,268.759665435072
69,35,0,30,0,40,0,40,0,2024/08/05 00:00:00+00,119,284.410251381755
23,0,0,0,0,0,0,0,0,2024/08/05 00:00:00+00,120,574.511437935306
22,25,15,25,15,30,15,30,15,2024/08/05 00:00:00+00,121,324.019082293999
32,0,0,0,0,0,0,0,0,2024/08/05 00:00:00+00,122,253.215164817365
31,35,0,30,0,35,0,35,0,2024/08/05 00:00:00+00,123,463.237269091512
30,32,0,32,0,32,0,32,0,2024/08/05 00:00:00+00,124,127.5758063356
18,22,0,22,0,22,0,22,0,2024/08/05 00:00:00+00,125,146.624856226428
19,30,0,30,0,30,0,30,0,2024/08/05 00:00:00+00,126,123.211222453181
16,25,0,25,0,20,0,20,0,2024/08/05 00:00:00+00,127,289.441248777685
17,25,15,25,15,30,15,30,15,2024/08/05 00:00:00+00,128,428.826312316174
20,35,20,40,20,60,25,60,25,2024/08/05 00:00:00+00,129,425.022110872137
21,20,0,20,0,15,0,15,0,2024/08/05 00:00:00+00,130,367.632515752754
1,35,0,40,0,50,0,50,0,2024/08/05 00:00:00+00,131,244.647808956555
2,35,0,40,0,50,0,50,0,2024/08/05 00:00:00+00,132,291.841935910121
3,15,0,15,0,15,0,15,0,2024/08/05 00:00:00+00,133,410.415712451287
4,20,0,20,0,15,0,15,0,2024/08/05 00:00:00+00,134,331.937323034717
15,45,0,50,0,50,0,50,0,2024/08/05 00:00:00+00,135,214.864515038281
11,35,0,35,0,47,0,47,0,2024/08/05 00:00:00+00,136,447.832549478763
10,0,0,0,0,0,0,0,0,2024/08/05 00:00:00+00,137,412.478920753037
12,45,0,50,0,50,0,50,0,2024/08/05 00:00:00+00,138,262.160941386009
13,0,0,0,0,0,0,25,0,2024/08/05 00:00:00+00,139,516.040105831305
14,50,30,50,20,45,15,45,15,2024/08/05 00:00:00+00,140,464.782105481913
42,25,0,25,0,45,0,45,0,2024/08/05 00:00:00+00,141,186.882788614669
43,45,35,50,30,70,35,80,40,2024/08/05 00:00:00+00,142,320.965315380417
48,40,25,50,25,65,30,65,30,2024/08/05 00:00:00+00,143,454.918900962371
49,45,28,60,25,65,30,65,30,2024/08/05 00:00:00+00,144,118.542798635013
50,20,10,20,5,25,10,20,5,2024/08/05 00:00:00+00,145,643.129300282131
51,55,35,55,30,80,40,110,55,2024/08/05 00:00:00+00,146,148.223471370981
52,0,0,0,0,0,0,0,0,2024/08/05 00:00:00+00,147,599.20551045911
29,0,0,0,0,0,0,0,0,2024/08/05 00:00:00+00,148,230.188362742251
33,60,35,70,25,75,35,90,40,2024/08/05 00:00:00+00,149,446.635933836458
34,20,10,20,10,10,10,20,20,2024/08/05 00:00:00+00,150,191.17813437805
36,22,10,25,10,20,10,15,8,2024/08/05 00:00:00+00,151,203.623618843388
37,65,45,60,30,80,40,140,65,2024/08/05 00:00:00+00,152,499.744353550133
35,60,30,85,20,75,35,100,50,2024/08/05 00:00:00+00,153,263.852258997214
38,25,10,25,10,20,15,40,20,2024/08/05 00:00:00+00,154,138.548451025755
39,20,5,20,5,20,10,35,20,2024/08/05 00:00:00+00,155,266.004980380147
40,60,40,55,30,80,40,135,60,2024/08/05 00:00:00+00,156,222.715973754042
46,20,0,20,0,20,0,20,0,2024/08/05 00:00:00+00,157,451.491951889868
53,0,0,0,0,0,0,0,0,2024/08/05 00:00:00+00,158,427.748268587559
55,0,0,0,0,0,0,0,0,2024/08/05 00:00:00+00,159,328.150621966317
54,45,0,50,15,50,15,50,15,2024/08/05 00:00:00+00,160,381.133994601902
56,45,20,60,15,60,18,50,15,2024/08/05 00:00:00+00,161,1080.29504878002
57,40,0,45,20,30,15,40,20,2024/08/05 00:00:00+00,162,461.305485773085
41,40,0,45,0,30,15,50,25,2024/08/05 00:00:00+00,163,498.266472501411
58,0,0,0,0,0,0,0,0,2024/08/05 00:00:00+00,164,174.057258064503
59,15,0,15,0,15,0,15,0,2024/08/05 00:00:00+00,165,342.458059792843
5,35,0,35,0,40,0,40,0,2024/08/05 00:00:00+00,166,938.178534441013
6,37,0,30,0,30,0,30,0,2024/08/05 00:00:00+00,167,306.99436665955
7,15,0,15,0,15,0,15,0,2024/08/05 00:00:00+00,168,188.62987614952
8,15,0,15,0,15,0,15,0,2024/08/05 00:00:00+00,169,446.232215776327
9,15,0,15,0,15,0,15,0,2024/08/05 00:00:00+00,170,331.135688862165
67,12,0,12,0,15,0,15,0,2024/08/05 00:00:00+00,171,1740.14537852582
70,30,0,30,0,30,0,30,0,2024/08/05 00:00:00+00,172,389.238987102549
71,35,0,35,0,35,0,35,0,2024/08/05 00:00:00+00,173,216.493089519361
77,43,30,50,30,40,25,40,20,2024/08/05 00:00:00+00,174,700.869759962567
84,15,15,30,5,15,8,15,15,2024/08/05 00:00:00+00,175,211.436204535357
78,70,35,100,35,110,50,115,60,2024/08/05 00:00:00+00,176,913.632304769505
79,30,0,30,0,35,0,35,0,2024/08/05 00:00:00+00,177,219.374258794336
86,35,20,35,15,45,20,80,40,2024/08/05 00:00:00+00,178,241.84063007265
87,40,0,30,0,35,0,45,0,2024/08/05 00:00:00+00,179,485.473022348455
88,40,25,55,25,50,20,80,40,2024/08/05 00:00:00+00,180,518.105221429104
89,20,10,25,10,30,15,30,10,2024/08/05 00:00:00+00,181,500.486136748773
90,10,10,15,5,25,15,30,15,2024/08/05 00:00:00+00,182,404.032135646779
91,10,10,10,5,15,10,25,15,2024/08/05 00:00:00+00,183,803.386266581949
92,40,30,80,25,80,35,100,45,2024/08/05 00:00:00+00,184,140.885166584436
93,45,35,80,25,80,35,100,50,2024/08/05 00:00:00+00,185,107.541204304922
94,25,15,25,10,35,15,50,20,2024/08/05 00:00:00+00,186,138.317395986302
95,23,10,23,10,30,13,40,16,2024/08/05 00:00:00+00,187,154.582096336878
96,40,0,45,0,50,0,50,0,2024/08/05 00:00:00+00,188,479.023612920735
97,42,0,50,0,55,0,65,0,2024/08/05 00:00:00+00,189,514.932530845101
98,0,0,0,0,0,0,0,0,2024/08/05 00:00:00+00,190,1435.1668970165
99,42,30,60,20,65,30,85,45,2024/08/05 00:00:00+00,191,377.204796457964
100,40,0,40,0,40,0,50,0,2024/08/05 00:00:00+00,192,178.598312408829
101,30,0,30,0,30,0,30,0,2024/08/05 00:00:00+00,193,134.180287475876
102,10,0,10,0,12,0,12,0,2024/08/05 00:00:00+00,194,469.152173512417
103,10,0,10,0,10,0,10,0,2024/08/05 00:00:00+00,195,333.738876380461
104,20,0,20,0,15,0,15,0,2024/08/05 00:00:00+00,196,1523.0246779369
105,23,0,15,0,20,0,20,0,2024/08/05 00:00:00+00,197,267.297445984563
106,20,0,20,0,20,0,20,0,2024/08/05 00:00:00+00,198,633.061354050418
107,35,0,10,0,15,0,15,0,2024/08/05 00:00:00+00,199,1864.3080050196
108,34,0,16,0,20,0,20,0,2024/08/05 00:00:00+00,200,231.362056825591
109,40,35,50,25,50,15,40,20,2024/08/05 00:00:00+00,201,208.136325632268
110,38,0,35,0,40,0,40,0,2024/08/05 00:00:00+00,202,309.405563886804
111,20,0,15,0,15,0,22,0,2024/08/05 00:00:00+00,203,1252.03429306463
112,25,0,20,0,20,0,20,0,2024/08/05 00:00:00+00,204,1279.13190016929
113,25,0,25,0,20,0,35,0,2024/08/05 00:00:00+00,205,401.948540770433
114,30,0,30,0,25,0,25,0,2024/08/05 00:00:00+00,206,538.1799371974
115,25,0,25,0,20,0,20,0,2024/08/05 00:00:00+00,207,909.003290484186
116,10,0,10,0,10,0,10,0,2024/08/05 00:00:00+00,208,589.994267860361
117,0,0,0,0,0,0,0,0,2024/08/05 00:00:00+00,209,136.049819056349
118,0,0,0,0,0,0,0,0,2024/08/05 00:00:00+00,210,422.89713736955
119,27,0,32,0,30,0,30,0,2024/08/05 00:00:00+00,211,466.564424545894
120,40,0,40,0,40,0,40,0,2024/08/05 00:00:00+00,212,433.300945342296
121,25,0,25,0,25,0,25,0,2024/08/05 00:00:00+00,213,1125.49099251967
122,40,0,40,0,50,0,50,0,2024/08/05 00:00:00+00,214,163.956197056856
123,20,0,20,0,20,0,20,0,2024/08/05 00:00:00+00,215,858.334882546869
124,30,20,35,20,30,20,35,25,2024/08/05 00:00:00+00,216,1513.8313815472
125,60,55,55,45,65,50,65,50,2024/08/05 00:00:00+00,217,396.925642279513
126,15,0,10,0,10,0,10,0,2024/08/05 00:00:00+00,218,938.359997500276
129,50,40,60,50,55,45,60,45,2024/08/05 00:00:00+00,219,1441.21308752075
130,12,0,12,0,12,0,12,0,2024/08/05 00:00:00+00,220,1343.5724182339
132,20,0,30,0,50,0,160,100,2024/08/05 00:00:00+00,221,657.770468121258
131,20,20,22,10,20,10,20,10,2024/08/05 00:00:00+00,222,870.714202575346
134,30,20,44,15,40,15,40,20,2024/08/05 00:00:00+00,223,612.188470687626
140,25,20,30,10,30,10,40,20,2024/08/05 00:00:00+00,224,360.566675671758
141,22,13,22,15,20,15,20,15,2024/08/05 00:00:00+00,225,402.110571118785
142,110,70,110,55,100,60,140,70,2024/08/05 00:00:00+00,226,743.940874963285
144,15,0,10,0,10,0,10,0,2024/08/05 00:00:00+00,227,269.123388875611
146,110,70,110,70,110,65,140,70,2024/08/05 00:00:00+00,228,224.051963148728
147,13,0,10,0,10,0,10,0,2024/08/05 00:00:00+00,229,431.263880749491
148,0,0,0,0,0,0,0,0,2024/08/05 00:00:00+00,230,134.231054110594
150,60,50,50,20,52,27,56,20,2024/08/05 00:00:00+00,231,1152.01992297356
155,0,0,0,0,0,0,0,0,2024/08/05 00:00:00+00,232,489.801103264318
156,30,40,90,110,80,90,140,110,2024/08/05 00:00:00+00,233,2269.31301223814
160,60,35,60,25,55,25,65,32,2024/08/05 00:00:00+00,234,356.952265021473
161,40,15,30,15,30,15,45,30,2024/08/05 00:00:00+00,235,404.252464337694
162,15,10,15,12,15,14,30,20,2024/08/05 00:00:00+00,236,207.00681324272
163,15,5,15,15,14,10,16,8,2024/08/05 00:00:00+00,237,290.057949889624
164,15,14,20,6,20,13,22,15,2024/08/05 00:00:00+00,238,165.550804696855
165,10,5,10,5,10,5,10,5,2024/08/05 00:00:00+00,239,982.559931233333
166,0,0,0,0,0,0,0,0,2024/08/05 00:00:00+00,240,538.417438942338
167,30,0,30,0,30,0,30,0,2024/08/05 00:00:00+00,241,239.548262316788
168,30,0,21,10,15,5,15,10,2024/08/05 00:00:00+00,242,164.823889973621
169,25,0,25,0,25,0,25,0,2024/08/05 00:00:00+00,243,196.850226780538
170,25,10,25,10,25,10,25,10,2024/08/05 00:00:00+00,244,195.400600940882
171,20,10,20,10,20,10,20,10,2024/08/05 00:00:00+00,245,124.025425872611
172,30,0,30,0,30,0,45,0,2024/08/05 00:00:00+00,246,188.897944836072
173,0,0,0,0,0,0,0,0,2024/08/05 00:00:00+00,247,123.646722471365
174,30,0,15,8,20,10,40,20,2024/08/05 00:00:00+00,248,195.891940445385
175,10,0,10,0,15,0,15,0,2024/08/05 00:00:00+00,249,453.638294718232
176,10,0,10,0,0,0,0,0,2024/08/05 00:00:00+00,250,365.483143270454
177,12,0,10,0,10,0,10,0,2024/08/05 00:00:00+00,251,821.722237108584
178,13,0,10,0,10,0,10,0,2024/08/05 00:00:00+00,252,233.603747367512
179,15,0,10,0,0,0,10,0,2024/08/05 00:00:00+00,253,575.469845640879
180,12,0,10,0,10,0,10,0,2024/08/05 00:00:00+00,254,302.393036131293
181,15,0,10,0,10,0,10,0,2024/08/05 00:00:00+00,255,535.31992282879
182,12,0,12,0,15,0,15,0,2024/08/05 00:00:00+00,256,527.930814800237
183,15,0,25,0,22,0,22,0,2024/08/05 00:00:00+00,257,509.623778238893
184,0,0,0,0,0,0,0,0,2024/08/05 00:00:00+00,258,503.592727209592
185,15,0,20,0,20,0,20,0,2024/08/05 00:00:00+00,259,231.45036272464
186,10,3,5,3,5,3,5,3,2024/08/05 00:00:00+00,260,1479.8494342296
187,15,15,30,10,22,10,20,10,2024/08/05 00:00:00+00,261,335.878052750605
289,40,70,45,55,45,50,40,40,2024/08/05 00:00:00+00,262,677.278740029177
188,45,40,35,20,45,28,50,20,2024/08/05 00:00:00+00,263,1786.15694447919
189,15,0,20,0,20,0,20,0,2024/08/05 00:00:00+00,264,536.813690992863
190,0,0,0,0,0,0,0,0,2024/08/05 00:00:00+00,265,1326.96716750484
191,0,0,0,0,0,0,0,0,2024/08/05 00:00:00+00,266,813.549621214938
196,5,0,5,0,5,0,5,0,2024/08/05 00:00:00+00,267,839.313675924431
195,15,15,10,10,10,10,10,10,2024/08/05 00:00:00+00,268,2915.91980616154
198,140,200,200,270,170,200,170,200,2024/08/05 00:00:00+00,269,1555.79306495109
200,140,200,180,220,170,170,140,120,2024/08/05 00:00:00+00,270,4507.76458145182
136,100,160,150,160,120,110,0,0,2024/08/05 00:00:00+00,271,561.078248807629
220,30,35,20,0,25,0,25,0,2024/08/05 00:00:00+00,272,1753.32982029574
229,0,0,0,0,0,0,0,0,2024/08/05 00:00:00+00,273,456.875796552565
237,25,0,20,0,20,0,20,0,2024/08/05 00:00:00+00,274,1598.11442284654
239,0,0,0,0,0,0,0,0,2024/08/05 00:00:00+00,275,6320.88057021142
259,25,0,20,0,20,0,20,0,2024/08/05 00:00:00+00,276,222.179311243394
260,10,0,10,0,10,0,10,0,2024/08/05 00:00:00+00,277,751.987651599071
261,28,0,25,0,25,0,25,0,2024/08/05 00:00:00+00,278,450.269767509337
264,0,0,0,0,0,0,0,0,2024/08/05 00:00:00+00,279,953.485277395935
265,30,25,25,15,20,15,20,15,2024/08/05 00:00:00+00,280,224.33663741066
266,25,0,20,0,20,0,20,0,2024/08/05 00:00:00+00,281,242.754891918846
268,35,20,35,20,45,20,45,20,2024/08/05 00:00:00+00,282,545.773880942203
269,23,10,20,10,20,10,20,10,2024/08/05 00:00:00+00,283,531.612906557182
270,10,0,10,0,10,0,10,0,2024/08/05 00:00:00+00,284,434.855222004006
273,20,15,15,10,15,10,10,10,2024/08/05 00:00:00+00,285,440.233199147925
272,15,15,15,15,15,15,15,15,2024/08/05 00:00:00+00,286,1475.86170893024
274,50,60,50,50,40,40,40,40,2024/08/05 00:00:00+00,287,1083.61182230541
275,60,80,50,70,40,55,40,55,2024/08/05 00:00:00+00,288,2024.90252037436
276,20,0,20,0,15,0,15,0,2024/08/05 00:00:00+00,289,682.673683460441
277,25,25,20,15,15,15,10,10,2024/08/05 00:00:00+00,290,1624.14876672694
262,25,0,20,0,20,0,20,0,2024/08/05 00:00:00+00,291,875.927620311519
263,25,20,20,20,20,20,20,20,2024/08/05 00:00:00+00,292,736.001277619171
280,55,55,50,40,40,35,60,30,2024/08/05 00:00:00+00,293,762.946637944819
281,25,0,18,0,20,0,20,0,2024/08/05 00:00:00+00,294,504.02653032913
282,0,0,0,0,0,0,0,0,2024/08/05 00:00:00+00,295,2665.28276132161
283,40,0,45,0,40,0,35,0,2024/08/05 00:00:00+00,296,328.869669430806
284,60,60,60,44,40,35,60,30,2024/08/05 00:00:00+00,297,1105.26683323375
285,22,24,25,15,15,15,20,10,2024/08/05 00:00:00+00,298,1056.90197337904
286,45,35,45,20,35,25,35,15,2024/08/05 00:00:00+00,299,639.854523857085
287,20,30,20,20,20,20,20,20,2024/08/05 00:00:00+00,300,1733.26323091724
288,20,30,20,30,20,30,20,30,2024/08/05 00:00:00+00,301,1132.43646407826
347,0,0,0,0,5,0,5,0,2024/08/05 00:00:00+00,302,448.294318012511
290,140,230,180,260,160,190,160,180,2024/08/05 00:00:00+00,303,2212.77528756991
357,10,0,10,0,17,0,17,0,2024/08/05 00:00:00+00,304,174.051944211452
358,0,0,0,0,0,0,0,0,2024/08/05 00:00:00+00,305,517.434390017477
291,140,260,150,260,140,180,150,160,2024/08/05 00:00:00+00,306,2419.47854435109
292,25,25,35,10,35,20,30,20,2024/08/05 00:00:00+00,307,993.240404240838
293,150,300,170,300,170,230,180,210,2024/08/05 00:00:00+00,308,1809.51153945426
294,70,130,100,140,100,140,100,140,2024/08/05 00:00:00+00,309,16.8951491602689
297,60,80,60,85,60,85,60,85,2024/08/05 00:00:00+00,310,108.061346607003
298,15,15,15,15,15,15,15,15,2024/08/05 00:00:00+00,311,1816.5093470226
299,30,0,30,0,25,0,25,0,2024/08/05 00:00:00+00,312,714.448123853876
300,30,30,30,20,25,20,25,20,2024/08/05 00:00:00+00,313,1464.2057432763
303,30,30,25,20,20,20,20,20,2024/08/05 00:00:00+00,314,248.886892132339
305,30,25,30,15,20,20,20,10,2024/08/05 00:00:00+00,315,786.682011164043
309,30,25,30,15,20,20,20,10,2024/08/05 00:00:00+00,316,366.112503710166
326,25,0,20,0,15,0,15,0,2024/08/05 00:00:00+00,317,1044.78054209329
344,15,0,15,0,50,0,50,0,2024/08/05 00:00:00+00,318,494.285793668652
345,25,0,25,0,20,0,20,0,2024/08/05 00:00:00+00,319,412.839729875918
346,15,0,15,0,20,0,20,0,2024/08/05 00:00:00+00,320,1121.66902665349
348,20,20,15,0,15,0,15,0,2024/08/05 00:00:00+00,321,1686.88676348742
349,15,0,15,0,15,0,15,0,2024/08/05 00:00:00+00,322,642.892448450626
350,0,0,0,0,10,0,10,0,2024/08/05 00:00:00+00,323,387.74598448125
351,0,0,0,0,0,0,0,0,2024/08/05 00:00:00+00,324,899.487684000861
352,60,30,60,30,50,25,50,25,2024/08/05 00:00:00+00,325,959.326738684193
353,16,10,15,10,15,10,15,10,2024/08/05 00:00:00+00,326,558.030696352962
356,40,0,45,20,30,15,30,15,2024/08/05 00:00:00+00,327,457.065257829039
354,60,30,55,25,50,20,50,20,2024/08/05 00:00:00+00,328,421.521629604116
359,15,0,15,0,50,0,50,0,2024/08/05 00:00:00+00,329,916.945595693337
355,45,20,45,20,30,15,35,20,2024/08/05 00:00:00+00,330,908.018252361304
360,15,0,15,0,45,0,45,0,2024/08/05 00:00:00+00,331,1773.22210487399
361,0,0,0,0,13,0,13,0,2024/08/05 00:00:00+00,332,371.922088818312
362,25,0,25,0,25,0,37,0,2024/08/05 00:00:00+00,333,1421.31006710699
363,35,0,35,0,30,0,35,0,2024/08/05 00:00:00+00,334,824.780540084325
365,15,10,15,10,15,10,15,10,2024/08/05 00:00:00+00,335,574.179228605159
278,0,0,0,0,0,0,0,0,2024/08/05 00:00:00+00,336,657.227066232848
271,0,0,0,0,0,0,0,0,2024/08/05 00:00:00+00,337,2044.58357630979
364,25,10,25,10,30,15,35,15,2024/08/05 00:00:00+00,338,636.776782572266
279,0,0,0,0,0,0,0,0,2024/08/05 00:00:00+00,339,229.829960278703
267,25,15,25,15,35,15,35,15,2024/08/05 00:00:00+00,340,947.905959102741
366,45,0,50,0,50,0,50,0,2024/08/05 00:00:00+00,341,619.808381413842
367,10,10,10,10,10,10,10,10,2024/08/05 00:00:00+00,342,525.656160468994
368,46,22,46,22,30,15,30,15,2024/08/05 00:00:00+00,343,208.496387223116
369,46,22,46,24,30,15,30,18,2024/08/05 00:00:00+00,344,450.245740397722
370,0,0,0,0,0,0,0,0,2024/08/05 00:00:00+00,345,1872.67811422779
371,40,25,40,0,40,0,30,0,2024/08/05 00:00:00+00,346,1545.37601965745
372,40,25,40,0,40,0,30,0,2024/08/05 00:00:00+00,347,898.125891307036
373,0,0,0,0,15,0,15,0,2024/08/05 00:00:00+00,348,951.062266233504
374,29,20,30,20,25,20,30,20,2024/08/05 00:00:00+00,349,408.034473675805
375,42,23,50,27,30,15,35,16,2024/08/05 00:00:00+00,350,345.029110261026
376,20,0,20,0,30,0,30,0,2024/08/05 00:00:00+00,351,563.259678943987
377,15,0,15,0,15,0,15,0,2024/08/05 00:00:00+00,352,343.076860265389
378,30,0,35,0,35,0,35,0,2024/08/05 00:00:00+00,353,717.931248530797
379,20,0,15,0,20,0,20,0,2024/08/05 00:00:00+00,354,313.071058121059
380,35,0,40,0,25,0,25,0,2024/08/05 00:00:00+00,355,323.070814067928
381,0,0,0,0,0,0,0,0,2024/08/05 00:00:00+00,356,593.568182624621
382,0,0,0,0,0,0,0,0,2024/08/05 00:00:00+00,357,340.697897139272
383,0,0,0,0,0,0,0,0,2024/08/05 00:00:00+00,358,609.348149102426
75,0,0,0,0,0,0,0,0,2024/08/05 00:00:00+00,359,1322.29102522446
384,25,0,35,0,35,0,35,0,2024/08/05 00:00:00+00,360,564.646370810177
385,25,0,30,0,30,0,30,0,2024/08/05 00:00:00+00,361,546.662341228655
386,25,0,35,0,35,0,35,0,2024/08/05 00:00:00+00,362,174.428610317665
387,0,0,20,0,20,0,20,0,2024/08/05 00:00:00+00,363,1865.76039342765
388,10,0,10,0,10,0,10,0,2024/08/05 00:00:00+00,364,1289.44325327881
389,20,0,20,0,20,0,20,0,2024/08/05 00:00:00+00,365,916.653810868709
390,0,0,20,0,20,0,20,0,2024/08/05 00:00:00+00,366,1690.71432652976
393,0,0,0,0,0,0,0,0,2024/08/05 00:00:00+00,367,2971.0588778294
391,20,0,20,0,20,0,20,0,2024/08/05 00:00:00+00,368,662.556285640094
394,25,0,25,0,25,0,25,0,2024/08/05 00:00:00+00,369,2594.82375673321
395,10,0,7,0,10,0,10,0,2024/08/05 00:00:00+00,370,409.45343922192
396,0,0,0,0,0,0,0,0,2024/08/05 00:00:00+00,371,1789.85339352197
397,0,0,0,0,0,0,0,0,2024/08/05 00:00:00+00,372,323.694712198163
398,0,0,0,0,0,0,0,0,2024/08/05 00:00:00+00,373,1667.51029786463
406,0,0,0,0,0,0,0,0,2024/08/05 00:00:00+00,374,1515.06081983867
399,0,0,0,0,0,0,0,0,2024/08/05 00:00:00+00,375,1367.26546260585
400,0,0,15,0,15,0,15,0,2024/08/05 00:00:00+00,376,847.489850707081
401,0,0,15,0,15,0,15,0,2024/08/05 00:00:00+00,377,906.069960485787
392,0,0,6,0,10,0,10,0,2024/08/05 00:00:00+00,378,370.474308624961
428,10,0,10,0,10,0,10,0,2024/08/05 00:00:00+00,379,203.267464169001
402,0,0,0,0,0,0,0,0,2024/08/05 00:00:00+00,380,3339.32388536677
403,0,0,0,0,0,0,0,0,2024/08/05 00:00:00+00,381,634.410396338152
404,30,0,30,0,25,0,25,0,2024/08/05 00:00:00+00,382,2077.28775729345
405,0,0,0,0,0,0,0,0,2024/08/05 00:00:00+00,383,859.049044152571
407,0,0,0,0,0,0,0,0,2024/08/05 00:00:00+00,384,606.402452323528
408,0,0,0,0,0,0,0,0,2024/08/05 00:00:00+00,385,761.565925321842
409,25,0,22,0,20,0,20,0,2024/08/05 00:00:00+00,386,848.955340853942
410,15,0,10,0,10,0,10,0,2024/08/05 00:00:00+00,387,841.309325526989
411,15,0,15,0,15,0,15,0,2024/08/05 00:00:00+00,388,452.761709385356
412,18,0,18,0,15,0,15,0,2024/08/05 00:00:00+00,389,341.292676387434
413,20,15,20,0,20,0,20,0,2024/08/05 00:00:00+00,390,447.7640928731
414,30,20,30,0,30,0,30,0,2024/08/05 00:00:00+00,391,1027.20644116516
415,15,0,15,0,15,0,15,0,2024/08/05 00:00:00+00,392,1268.13677451096
416,15,10,15,0,15,0,15,0,2024/08/05 00:00:00+00,393,385.685502332054
417,0,0,0,0,0,0,0,0,2024/08/05 00:00:00+00,394,198.887789337955
418,0,0,0,0,10,0,10,0,2024/08/05 00:00:00+00,395,855.641954477319
419,25,35,10,15,10,10,40,10,2024/08/05 00:00:00+00,396,790.607053255892
420,10,0,10,0,10,0,10,0,2024/08/05 00:00:00+00,397,875.149713554159
421,30,0,20,0,20,0,20,0,2024/08/05 00:00:00+00,398,563.089125396034
422,30,0,25,0,25,0,25,0,2024/08/05 00:00:00+00,399,294.914894513238
423,0,0,0,0,35,0,35,0,2024/08/05 00:00:00+00,400,1380.83221353435
424,15,10,15,10,15,10,15,10,2024/08/05 00:00:00+00,401,738.308530077387
425,10,0,10,0,10,0,10,0,2024/08/05 00:00:00+00,402,432.938040356911
426,40,50,30,20,40,40,50,40,2024/08/05 00:00:00+00,403,1823.87635921111
427,35,40,30,30,35,30,30,25,2024/08/05 00:00:00+00,404,174.445174000868
429,10,0,10,0,10,0,10,0,2024/08/05 00:00:00+00,405,339.178331586464
433,15,20,10,10,15,15,20,15,2024/08/05 00:00:00+00,406,648.741121324824
470,8,11,9,9,15,10,15,10,2024/08/05 00:00:00+00,407,651.33134980795
430,80,160,70,65,70,60,60,55,2024/08/05 00:00:00+00,408,1721.71161606964
431,90,170,90,80,95,80,80,70,2024/08/05 00:00:00+00,409,1522.38734851738
432,90,150,50,60,60,50,50,50,2024/08/05 00:00:00+00,410,1442.54767940517
434,100,135,120,90,130,85,100,70,2024/08/05 00:00:00+00,411,1586.49084792241
436,50,55,40,25,45,40,60,45,2024/08/05 00:00:00+00,412,706.153038773567
437,30,30,10,15,20,10,15,10,2024/08/05 00:00:00+00,413,1731.89387231584
438,10,0,10,0,10,0,10,0,2024/08/05 00:00:00+00,414,425.846454915257
439,14,10,15,0,15,0,15,0,2024/08/05 00:00:00+00,415,723.852413923956
440,15,12,15,12,15,10,15,10,2024/08/05 00:00:00+00,416,1129.50809439151
441,18,25,18,20,20,20,20,20,2024/08/05 00:00:00+00,417,3985.58491543382
442,0,0,0,0,0,0,0,0,2024/08/05 00:00:00+00,418,1148.40097431344
443,20,0,20,0,30,0,30,0,2024/08/05 00:00:00+00,419,1076.92923116318
444,0,0,0,0,0,0,0,0,2024/08/05 00:00:00+00,420,1527.64373103503
445,0,0,0,0,20,0,20,0,2024/08/05 00:00:00+00,421,1442.50417559253
446,20,25,20,20,20,20,20,20,2024/08/05 00:00:00+00,422,2483.69627700993
447,8,10,8,10,10,10,10,10,2024/08/05 00:00:00+00,423,4539.42237073325
448,35,0,35,0,35,0,35,0,2024/08/05 00:00:00+00,424,419.789985658871
449,25,0,25,0,25,0,25,0,2024/08/05 00:00:00+00,425,367.422117877999
557,25,0,25,0,25,0,25,0,2024/08/05 00:00:00+00,426,979.616938480379
556,10,0,10,0,10,0,10,0,2024/08/05 00:00:00+00,427,499.99422570628
450,60,40,65,30,56,30,80,35,2024/08/05 00:00:00+00,428,222.822982969631
451,60,50,65,30,60,30,60,30,2024/08/05 00:00:00+00,429,215.094639285531
452,0,0,0,0,0,0,10,0,2024/08/05 00:00:00+00,430,394.790012924012
453,60,45,60,30,60,30,60,30,2024/08/05 00:00:00+00,431,486.837103950768
454,0,0,0,0,0,0,0,0,2024/08/05 00:00:00+00,432,827.592509332068
455,60,35,60,25,60,25,60,25,2024/08/05 00:00:00+00,433,229.79965130477
456,60,40,60,40,60,40,60,40,2024/08/05 00:00:00+00,434,189.630044586703
459,30,0,30,0,30,0,30,0,2024/08/05 00:00:00+00,435,527.973092619915
458,0,0,0,0,0,0,0,0,2024/08/05 00:00:00+00,436,330.245702550038
460,0,0,0,0,0,0,0,0,2024/08/05 00:00:00+00,437,341.557427236321
461,0,0,0,0,0,0,0,0,2024/08/05 00:00:00+00,438,1334.15874051444
462,0,0,0,0,0,0,0,0,2024/08/05 00:00:00+00,439,279.948987325894
463,100,120,100,70,110,110,130,75,2024/08/05 00:00:00+00,440,2057.91167495799
464,80,130,70,70,90,110,140,80,2024/08/05 00:00:00+00,441,450.608632665338
457,25,0,20,0,25,0,25,0,2024/08/05 00:00:00+00,442,1417.74681310777
466,20,15,25,15,24,14,28,15,2024/08/05 00:00:00+00,443,452.48819917427
465,10,0,5,0,5,0,5,0,2024/08/05 00:00:00+00,444,446.652253447716
467,10,0,5,0,5,0,5,0,2024/08/05 00:00:00+00,445,835.596977764167
468,20,17,25,16,26,12,30,18,2024/08/05 00:00:00+00,446,1779.45099747842
469,10,12,11,7,14,10,11,8,2024/08/05 00:00:00+00,447,1135.95924972612
471,10,0,10,0,10,0,10,0,2024/08/05 00:00:00+00,448,673.861777939821
472,10,0,10,0,10,0,10,0,2024/08/05 00:00:00+00,449,770.553291567046
473,30,0,30,0,30,0,30,0,2024/08/05 00:00:00+00,450,1192.55772412089
474,15,0,10,0,10,0,10,0,2024/08/05 00:00:00+00,451,439.494048721574
475,40,40,50,25,45,15,35,20,2024/08/05 00:00:00+00,452,631.844005612872
476,15,0,10,0,10,0,10,0,2024/08/05 00:00:00+00,453,2420.31421992315
477,10,0,10,0,10,0,10,0,2024/08/05 00:00:00+00,454,710.11697001804
478,0,0,0,0,0,0,0,0,2024/08/05 00:00:00+00,455,361.384574657057
479,13,16,5,8,13,11,16,8,2024/08/05 00:00:00+00,456,2188.29633193004
480,20,0,20,0,20,0,20,0,2024/08/05 00:00:00+00,457,597.602981134165
481,15,15,15,15,15,15,15,15,2024/08/05 00:00:00+00,458,658.862103365009
482,0,0,0,0,0,0,0,0,2024/08/05 00:00:00+00,459,2461.08995669993
483,0,0,0,0,0,0,0,0,2024/08/05 00:00:00+00,460,822.439798473851
484,15,16,13,10,16,14,20,11,2024/08/05 00:00:00+00,461,288.323117916688
485,0,0,0,0,0,0,0,0,2024/08/05 00:00:00+00,462,1757.45012011504
486,12,13,8,7,14,10,15,10,2024/08/05 00:00:00+00,463,720.650259700644
487,20,25,13,12,20,16,20,15,2024/08/05 00:00:00+00,464,285.696078250817
488,18,0,15,0,15,0,15,0,2024/08/05 00:00:00+00,465,2282.89333156984
489,15,0,10,0,10,0,10,0,2024/08/05 00:00:00+00,466,522.14785281149
490,0,0,0,0,0,0,0,0,2024/08/05 00:00:00+00,467,610.856434267484
491,15,0,10,0,10,0,10,0,2024/08/05 00:00:00+00,468,299.024158830945
492,0,0,0,0,0,0,0,0,2024/08/05 00:00:00+00,469,1853.2761039713
493,15,0,10,0,10,0,10,0,2024/08/05 00:00:00+00,470,311.100030875337
494,18,0,15,0,15,0,15,0,2024/08/05 00:00:00+00,471,1235.83320395843
495,11,0,11,0,11,0,11,0,2024/08/05 00:00:00+00,472,98.3050915362921
496,0,0,10,0,10,0,10,0,2024/08/05 00:00:00+00,473,1881.6867553129
497,10,16,15,15,15,20,15,10,2024/08/05 00:00:00+00,474,894.96522733775
498,15,0,12,0,12,0,12,0,2024/08/05 00:00:00+00,475,1134.58292682746
499,25,0,25,0,25,0,25,0,2024/08/05 00:00:00+00,476,3802.46955944616
500,10,18,15,15,15,20,15,10,2024/08/05 00:00:00+00,477,3912.40715268066
501,11,0,11,0,11,0,11,0,2024/08/05 00:00:00+00,478,1590.13149215919
504,27,45,50,60,48,80,50,40,2024/08/05 00:00:00+00,479,1557.42359141531
503,12,20,13,13,18,16,15,11,2024/08/05 00:00:00+00,480,349.484068461716
505,0,0,0,0,0,0,0,0,2024/08/05 00:00:00+00,481,1253.12879333505
506,13,0,10,0,10,0,10,0,2024/08/05 00:00:00+00,482,1654.65795219858
507,12,0,12,0,12,0,12,0,2024/08/05 00:00:00+00,483,1058.31518845803
508,0,0,0,0,0,0,0,0,2024/08/05 00:00:00+00,484,218.147685980629
509,0,0,0,0,0,0,0,0,2024/08/05 00:00:00+00,485,1006.37238786814
510,12,0,12,0,12,0,12,0,2024/08/05 00:00:00+00,486,1090.95582452079
514,12,0,11,0,11,0,11,0,2024/08/05 00:00:00+00,487,1213.42709124352
515,0,0,0,0,0,0,0,0,2024/08/05 00:00:00+00,488,2514.51789820798
516,0,0,0,0,0,0,0,0,2024/08/05 00:00:00+00,489,170.890844171533
517,20,25,15,15,15,10,15,10,2024/08/05 00:00:00+00,490,598.714138015188
518,20,28,15,15,15,15,15,15,2024/08/05 00:00:00+00,491,733.815874494908
519,10,10,14,10,15,13,13,10,2024/08/05 00:00:00+00,492,2448.65782174773
520,22,30,20,15,20,15,30,10,2024/08/05 00:00:00+00,493,1884.544333896
521,0,0,0,0,0,0,0,0,2024/08/05 00:00:00+00,494,2846.76426672234
523,12,18,11,11,15,13,17,13,2024/08/05 00:00:00+00,495,609.239788658855
524,10,10,6,5,6,5,17,10,2024/08/05 00:00:00+00,496,2387.49851241603
522,0,0,0,0,0,0,0,0,2024/08/05 00:00:00+00,497,557.740506673285
525,7,10,8,7,8,7,8,6,2024/08/05 00:00:00+00,498,815.341401816561
526,13,13,10,10,12,10,13,10,2024/08/05 00:00:00+00,499,1984.85211158518
527,11,13,12,7,15,15,10,10,2024/08/05 00:00:00+00,500,1258.29540129189
528,5,5,9,5,10,6,8,5,2024/08/05 00:00:00+00,501,1159.63093774729
529,10,12,8,4,20,15,20,17,2024/08/05 00:00:00+00,502,2014.90028799995
530,7,7,10,6,10,6,5,4,2024/08/05 00:00:00+00,503,3089.98301927682
552,20,20,25,10,30,15,45,35,2024/08/05 00:00:00+00,504,1816.24646198129
531,0,0,10,0,10,0,10,0,2024/08/05 00:00:00+00,505,1052.08715858844
532,0,0,0,0,0,0,0,0,2024/08/05 00:00:00+00,506,3673.98700261037
533,0,0,0,0,0,0,0,0,2024/08/05 00:00:00+00,507,6505.24497465447
534,0,0,0,0,0,0,0,0,2024/08/05 00:00:00+00,508,423.489563637539
535,0,0,0,0,0,0,0,0,2024/08/05 00:00:00+00,509,1637.73160685384
536,14,0,10,0,10,0,10,0,2024/08/05 00:00:00+00,510,1218.94483348481
537,12,0,12,0,15,0,15,0,2024/08/05 00:00:00+00,511,757.461268222251
538,15,0,15,0,15,0,15,0,2024/08/05 00:00:00+00,512,732.833776153735
539,15,0,10,0,0,0,10,0,2024/08/05 00:00:00+00,513,596.100019719002
540,30,40,20,20,15,15,20,10,2024/08/05 00:00:00+00,514,1058.62311497695
541,25,25,25,25,25,25,20,10,2024/08/05 00:00:00+00,515,201.280810653152
542,64,70,40,45,50,50,80,50,2024/08/05 00:00:00+00,516,497.794404726313
543,60,40,70,60,60,50,80,40,2024/08/05 00:00:00+00,517,349.66011306349
544,65,80,80,65,75,60,80,50,2024/08/05 00:00:00+00,518,706.056793029023
547,7,4,5,5,15,5,10,10,2024/08/05 00:00:00+00,519,1028.87340599078
583,10,10,10,5,10,5,10,10,2024/08/05 00:00:00+00,520,773.497649697795
545,10,0,10,0,10,0,20,0,2024/08/05 00:00:00+00,521,763.611774668371
546,16,15,16,15,10,10,20,17,2024/08/05 00:00:00+00,522,561.517255267303
582,40,50,30,40,25,35,25,35,2024/08/05 00:00:00+00,523,613.419023764914
548,10,10,15,10,30,15,30,30,2024/08/05 00:00:00+00,524,188.581138115811
549,0,0,0,0,0,0,0,0,2024/08/05 00:00:00+00,525,701.455406425529
550,40,80,20,20,20,10,30,15,2024/08/05 00:00:00+00,526,2608.13707858895
553,15,20,10,5,5,5,10,10,2024/08/05 00:00:00+00,527,817.968905916914
555,80,100,95,60,90,50,120,45,2024/08/05 00:00:00+00,528,465.636625273947
558,40,50,40,50,15,10,20,15,2024/08/05 00:00:00+00,529,472.492314079154
559,0,0,0,0,0,0,10,0,2024/08/05 00:00:00+00,530,811.862139628405
560,23,0,15,0,15,0,15,0,2024/08/05 00:00:00+00,531,273.585281568063
561,0,0,0,0,0,0,0,0,2024/08/05 00:00:00+00,532,444.005826007651
562,20,0,15,0,15,0,20,0,2024/08/05 00:00:00+00,533,1040.06650461349
563,35,0,35,0,35,0,40,0,2024/08/05 00:00:00+00,534,1598.2791141635
564,0,0,0,0,0,0,0,0,2024/08/05 00:00:00+00,535,219.852647384338
565,13,0,13,0,13,0,13,0,2024/08/05 00:00:00+00,536,190.958988989261
566,45,45,45,20,40,20,60,30,2024/08/05 00:00:00+00,537,1390.77368511693
567,12,0,10,0,10,0,10,0,2024/08/05 00:00:00+00,538,2280.18237240443
568,0,0,0,0,0,0,0,0,2024/08/05 00:00:00+00,539,372.615087743625
569,15,15,10,10,10,10,20,10,2024/08/05 00:00:00+00,540,1112.14040879949
570,10,0,10,0,10,0,10,0,2024/08/05 00:00:00+00,541,1837.01131575197
571,10,10,10,10,10,10,10,10,2024/08/05 00:00:00+00,542,1821.17224301954
572,20,14,20,5,40,25,40,25,2024/08/05 00:00:00+00,543,306.429970695141
585,120,160,110,100,110,100,80,75,2024/08/05 00:00:00+00,544,105.802234647276
573,15,0,15,0,15,0,10,0,2024/08/05 00:00:00+00,545,292.219048183275
574,0,0,0,0,0,0,15,0,2024/08/05 00:00:00+00,546,185.359105576858
575,0,0,0,0,0,0,0,0,2024/08/05 00:00:00+00,547,258.167032863615
576,0,0,0,0,0,0,20,0,2024/08/05 00:00:00+00,548,581.753323927295
577,20,0,15,0,15,0,16,0,2024/08/05 00:00:00+00,549,536.03543254315
578,100,150,90,80,100,90,120,70,2024/08/05 00:00:00+00,550,2083.52605668011
579,15,15,10,5,10,5,10,5,2024/08/05 00:00:00+00,551,1062.84463239072
580,20,25,20,20,20,15,15,10,2024/08/05 00:00:00+00,552,3839.50473482432
581,35,45,30,30,30,30,30,30,2024/08/05 00:00:00+00,553,1398.8474104198
584,80,130,120,130,130,130,170,140,2024/08/05 00:00:00+00,554,440.573884891417
586,150,320,200,220,200,200,200,250,2024/08/05 00:00:00+00,555,4518.27476140982
587,150,250,180,220,200,200,160,180,2024/08/05 00:00:00+00,556,1118.89856427027
589,100,280,120,190,90,150,190,260,2024/08/05 00:00:00+00,557,89.5040827575336
591,60,110,65,90,60,70,65,70,2024/08/05 00:00:00+00,558,1802.89924902085
590,20,40,30,25,30,25,35,28,2024/08/05 00:00:00+00,559,1201.75066321734
551,26,70,10,20,20,10,30,20,2024/08/05 00:00:00+00,560,3187.68515362244
595,30,60,40,60,35,50,60,110,2024/08/05 00:00:00+00,561,2303.34643798246
593,60,160,70,120,50,80,120,180,2024/08/05 00:00:00+00,562,622.494965507298
597,15,0,20,0,20,0,20,0,2024/08/05 00:00:00+00,563,705.982861875421
600,10,0,10,0,20,0,20,0,2024/08/05 00:00:00+00,564,1934.74412619643
599,0,0,0,0,0,0,0,0,2024/08/05 00:00:00+00,565,370.090090891289
601,35,40,30,30,30,30,30,30,2024/08/05 00:00:00+00,566,564.400399160543
602,18,15,20,10,25,15,25,15,2024/08/05 00:00:00+00,567,2993.81265724015
603,10,10,16,10,20,10,20,10,2024/08/05 00:00:00+00,568,3593.64844620086
624,0,0,0,0,0,0,0,0,2024/08/05 00:00:00+00,569,3604.52530505401
604,15,0,10,0,15,0,15,0,2024/08/05 00:00:00+00,570,2866.28615871665
605,0,0,0,0,0,0,0,0,2024/08/05 00:00:00+00,571,3959.60895068906
606,25,0,25,0,25,0,25,0,2024/08/05 00:00:00+00,572,564.591933556088
607,15,0,15,0,15,0,15,0,2024/08/05 00:00:00+00,573,6909.13811590898
608,0,0,20,0,20,0,20,0,2024/08/05 00:00:00+00,574,1630.80960712344
609,25,0,25,0,25,0,25,0,2024/08/05 00:00:00+00,575,241.718198205596
610,0,0,0,0,0,0,0,0,2024/08/05 00:00:00+00,576,3921.38444220145
611,0,0,0,0,0,0,0,0,2024/08/05 00:00:00+00,577,3529.7374879159
598,10,0,10,0,10,0,10,0,2024/08/05 00:00:00+00,578,727.408934126309
612,15,0,10,0,10,0,10,0,2024/08/05 00:00:00+00,579,636.485163631976
613,15,0,10,0,10,0,10,0,2024/08/05 00:00:00+00,580,2236.6369688721
614,15,15,24,40,22,20,30,15,2024/08/05 00:00:00+00,581,1960.69236647656
615,15,0,10,0,10,0,10,0,2024/08/05 00:00:00+00,582,3351.68633139001
623,0,0,0,0,0,0,0,0,2024/08/05 00:00:00+00,583,393.185763162963
616,10,0,10,0,10,0,10,0,2024/08/05 00:00:00+00,584,2604.07702049675
617,10,15,13,20,13,10,15,10,2024/08/05 00:00:00+00,585,3771.0592309551
625,0,0,0,0,0,0,0,0,2024/08/05 00:00:00+00,586,836.947358416755
622,0,0,0,0,0,0,0,0,2024/08/05 00:00:00+00,587,3197.67160407079
626,15,0,15,0,15,0,15,0,2024/08/05 00:00:00+00,588,1622.29860623904
627,55,105,50,80,45,60,45,60,2024/08/05 00:00:00+00,589,1613.62220366399
618,0,0,18,0,18,0,18,0,2024/08/05 00:00:00+00,590,4702.32876618405
620,0,0,0,0,0,0,0,0,2024/08/05 00:00:00+00,591,4201.10632529943
619,0,0,20,0,20,0,20,0,2024/08/05 00:00:00+00,592,3066.85304651686
621,0,0,0,0,0,0,0,0,2024/08/05 00:00:00+00,593,535.337904095085
72,0,0,0,0,0,0,0,0,2024/08/05 00:00:00+00,594,463.116684870792
73,0,0,0,0,0,0,0,0,2024/08/05 00:00:00+00,595,1937.86594204577
74,0,0,0,0,0,0,0,0,2024/08/05 00:00:00+00,596,314.397753628344
85,10,10,15,7,12,5,30,15,2024/08/05 00:00:00+00,597,630.649571805399
128,18,0,10,0,10,0,10,0,2024/08/05 00:00:00+00,598,1458.2458880955
133,30,30,40,20,40,20,160,110,2024/08/05 00:00:00+00,599,621.296867891094
145,180,200,330,310,350,250,140,70,2024/08/05 00:00:00+00,600,103.34691915468
149,85,80,100,120,170,120,190,130,2024/08/05 00:00:00+00,601,239.725755954891
154,180,230,210,280,240,200,250,230,2024/08/05 00:00:00+00,602,319.870368815069
143,120,75,120,60,110,70,160,75,2024/08/05 00:00:00+00,603,188.159815806518
152,110,65,110,65,140,70,170,80,2024/08/05 00:00:00+00,604,177.591216001553
153,80,45,100,45,105,50,105,50,2024/08/05 00:00:00+00,605,343.928113269391
151,120,70,120,70,140,70,170,80,2024/08/05 00:00:00+00,606,204.738803131096
139,22,15,20,10,20,10,20,10,2024/08/05 00:00:00+00,607,689.552930168346
158,70,25,65,25,65,25,75,45,2024/08/05 00:00:00+00,608,105.192583607735
159,55,0,60,0,60,0,50,0,2024/08/05 00:00:00+00,609,476.20723010815
512,16,35,16,20,24,32,24,20,2024/08/05 00:00:00+00,610,1706.27602275738
502,20,24,18,15,15,25,15,15,2024/08/05 00:00:00+00,611,942.67335472336
511,36,85,52,56,50,90,60,70,2024/08/05 00:00:00+00,612,1743.73620130547
513,36,90,40,65,40,60,65,70,2024/08/05 00:00:00+00,613,3415.78464150324
83,40,30,80,30,85,48,100,65,2024/08/05 00:00:00+00,614,374.367058244107
205,35,30,30,40,50,50,150,110,2024/08/05 00:00:00+00,615,246.333634871746
138,25,20,20,20,20,20,0,0,2024/08/05 00:00:00+00,616,893.517605123876
137,120,180,160,180,150,140,0,0,2024/08/05 00:00:00+00,617,273.963592898018
135,120,180,160,170,140,130,0,0,2024/08/05 00:00:00+00,618,603.024466363646
157,160,260,180,180,160,110,110,120,2024/08/05 00:00:00+00,619,2468.30801131008
588,70,100,60,60,50,50,60,70,2024/08/05 00:00:00+00,620,119.689100815209
596,60,160,80,140,70,100,80,90,2024/08/05 00:00:00+00,621,1670.76133183067
554,82,60,50,50,52,60,80,50,2024/08/05 00:00:00+00,622,479.956559004032
594,50,130,60,80,55,65,90,140,2024/08/05 00:00:00+00,623,682.699814828031
592,25,170,30,100,20,60,40,75,2024/08/05 00:00:00+00,624,224.027841480833
295,50,80,50,55,40,50,40,45,2024/08/05 00:00:00+00,625,627.700479597024
255,0,0,0,0,0,0,0,0,2024/08/05 00:00:00+00,626,722.299616640684
435,110,230,70,100,100,120,90,80,2024/08/05 00:00:00+00,627,2192.04521482087
628,0,0,45,15,40,15,45,20,2024/08/05 00:00:00+00,628,122.037457443748
